{
	"auth": {
		"quicknotes9506fafe": {
			"service": "Cognito",
			"providerPlugin": "awscloudformation",
			"dependsOn": []
		}
	},
	"api": {
		"quicknotes": {
			"service": "AppSync",
			"providerPlugin": "awscloudformation",
			"output": {
				"securityType": "AMAZON_COGNITO_USER_POOLS"
			}
		}
	},
	"predictions": {
		"transcriptione65259cc": {
			"providerPlugin": "awscloudformation",
			"service": "Transcribe",
			"convertType": "transcription"
		},
		"speechGeneratorc72b6c38": {
			"providerPlugin": "awscloudformation",
			"service": "Polly",
			"convertType": "speechGenerator"
		}
	}
}