{
    "AWSTemplateFormatVersion": "2010-09-09",
    "Description": "Convert resource(s) stack creation using Amplify CLI",
    "Parameters": {
        "authRoleName": {
            "Type": "String"
        },
        "unauthRoleName": {
            "Type": "String"
        },
        "convertPolicyName": {
            "Type": "String"
        },
        "convertType": {
            "Type": "String"
        },
        "access": {
            "Type": "String"
        },
        "resourceName": {
            "Type": "String"
        },
        "language": {
            "Type": "String"
        },
        "voice": {
            "Type": "String"
        },
        "env": {
            "Type": "String"
        }
    },
    "Conditions": {
        "AuthGuestRoleAccess": {
            "Fn::Equals": [
                {
                    "Ref": "access"
                },
                "authAndGuest"
            ]
        }
    },
    "Outputs": {
        "region": {
            "Value": {
                "Fn::FindInMap": [
                    "RegionMapping",
                    {
                        "Ref": "AWS::Region"
                    },
                    {
                        "Ref": "convertType"
                    }
                ]
            }
        },
        "language": {
            "Value": {
                "Ref": "language"
            }
        },
        "voice": {
            "Value": {
                "Ref": "voice"
            }
        }
    },
    "Resources": {
        "PollyPolicy": {
            "Type": "AWS::IAM::Policy",
            "Properties": {
                "PolicyName": {
                    "Ref": "convertPolicyName"
                },
                "Roles": {
                    "Fn::If": [
                        "AuthGuestRoleAccess",
                        [
                            {
                                "Ref": "authRoleName"
                            },
                            {
                                "Ref": "unauthRoleName"
                            }
                        ],
                        [
                            {
                                "Ref": "authRoleName"
                            }
                        ]
                    ]
                },
                "PolicyDocument": {
                    "Version": "2012-10-17",
                    "Statement": [
                        {
                            "Effect": "Allow",
                            "Action": [
                                "polly:SynthesizeSpeech"
                            ],
                            "Resource": "*"
                        }
                    ]
                }
            }
        }
    },
    "Mappings": {
        "RegionMapping": {
            "us-east-1": {
                "speechGenerator": "us-east-1"
            },
            "us-east-2": {
                "speechGenerator": "us-east-2"
            },
            "us-west-2": {
                "speechGenerator": "us-west-2"
            },
            "eu-west-1": {
                "speechGenerator": "eu-west-1"
            },
            "eu-west-2": {
                "speechGenerator": "eu-west-2"
            },
            "eu-central-1": {
                "speechGenerator": "eu-central-1"
            },
            "ap-northeast-1": {
                "speechGenerator": "ap-northeast-1"
            },
            "ap-northeast-2": {
                "speechGenerator": "ap-northeast-2"
            },
            "ap-southeast-1": {
                "speechGenerator": "ap-southeast-1"
            },
            "ap-southeast-2": {
                "speechGenerator": "ap-southeast-2"
            },
            "ap-south-1": {
                "speechGenerator": "ap-south-1"
            }
        }
    }
}